{
  "materialList": [
    {
      "cs_id": "6",
      "cs_name": "跟读测试课程——新版",
      "en_cs_name": "test new",
      "cs_img": "http://cdn2.primedu.cn/res/3db8347db0be54e9f68c85e7f0863663",
      "intro": "",
      "status": "1",
      "grade": "1",
      "category_id": "2",
      "create_time": "1477970518",
      "update_time": "1477973042",
      "book_url": "",
      "plan_num": 3,
      "read_num": 1,
      "flower_num": 1,
      "join_time": 1478167802,
      "finish_status": 0
    },
    {
      "cs_id": "2",
      "cs_name": "超级飞侠暑假班",
      "en_cs_name": "superwings",
      "cs_img": "http://cdn2.primedu.cn/res/cb65beceaa393ddc0ff1be1edae8f4fc",
      "intro": "",
      "status": "1",
      "grade": "1",
      "category_id": "1",
      "create_time": "1473072167",
      "update_time": "1473072167",
      "book_url": "",
      "plan_num": 3,
      "read_num": 3,
      "flower_num": 3,
      "join_time": 1476806400,
      "finish_status": 1
    },
    {
      "cs_id": "3",
      "cs_name": "超级飞侠寒假班",
      "en_cs_name": "winter class",
      "cs_img": "http://cdn2.primedu.cn/res/c508f3b6f1c1807d12eb56b0adc36405",
      "intro": "winter class",
      "status": "1",
      "grade": "1",
      "category_id": "1",
      "create_time": "1473072177",
      "update_time": "1473249774",
      "book_url": "",
      "plan_num": 88,
      "read_num": 2,
      "flower_num": 2,
      "join_time": 1476720000,
      "finish_status": 0
    },
    {
      "cs_id": "1",
      "cs_name": "超级飞侠跟读课程",
      "en_cs_name": "superwings",
      "cs_img": "http://cdn2.primedu.cn/res/dfe4a564880fefa93ee8b5ee10eccde0",
      "intro": "",
      "status": "1",
      "grade": "2",
      "category_id": "1",
      "create_time": "1473076256",
      "update_time": "1476782486",
      "book_url": "",
      "plan_num": 0,
      "read_num": 0,
      "flower_num": 0,
      "join_time": 0,
      "finish_status": -1
    },
    {
      "cs_id": "5",
      "cs_name": "APP跟读第一套教材",
      "en_cs_name": "app material 1",
      "cs_img": "",
      "intro": "app material 1",
      "status": "1",
      "grade": "4",
      "category_id": "4",
      "create_time": "1477021810",
      "update_time": "1478077190",
      "book_url": "https://h5.koudaitong.com/v2/goods/35xvx66qjcb78?reft=1478076428654_1478076449122&spm=f35036626_f35591075",
      "plan_num": 0,
      "read_num": 0,
      "flower_num": 0,
      "join_time": 0,
      "finish_status": -1
    }
  ]
}