<import src="../../common/list.wxml" />
<import src="../../common/tab.wxml" />

<template name="rankitem">
  <view class="rank-item">
    <navigator url="/pages/online/list/index?type={{item.type}}" class="text">{{item.text}}</navigator>
    <view class="arrow"></view>
  </view>
</template>
<!--index.wxml-->
<view class="container">
  <template is="tab" data="{{list: tab}}" />
  <view class="rank-list">
    <template is="rankitem" wx:for="{{ranks}}" data="{{item: item}}" wx:key="{{item.type}}" />
  </view>
</view>
