{
	"description": "消消乐",
	"setting": {
		"urlCheck": false,
		"es6": true,
		"postcss": true,
		"minified": true,
		"newFeature": true
	},
	"compileType": "game",
	"libVersion": "game",
	"appid": "wx04de8dc554f6ca73",
	"projectname": "%E6%B6%88%E9%99%A4%E6%8D%95%E9%B1%BC",
	"isGameTourist": true,
	"condition": {
		"search": {
			"current": -1,
			"list": []
		},
		"conversation": {
			"current": -1,
			"list": []
		},
		"game": {
			"currentL": -1,
			"list": []
		},
		"miniprogram": {
			"current": -1,
			"list": []
		}
	}
}