{"frames":{"b.png":{"frame":{"h":78,"idx":0,"w":71,"x":164,"y":161},"rotated":false,"sourceSize":{"h":78,"w":71},"spriteSourceSize":{"h":78,"w":71,"x":0,"y":0},"trimmed":false},"cover.png":{"frame":{"h":93,"idx":0,"w":94,"x":0,"y":0},"rotated":false,"sourceSize":{"h":93,"w":94},"spriteSourceSize":{"h":93,"w":94,"x":0,"y":0},"trimmed":false},"f1.png":{"frame":{"h":36,"idx":0,"w":40,"x":183,"y":0},"rotated":false,"sourceSize":{"h":36,"w":40},"spriteSourceSize":{"h":36,"w":40,"x":0,"y":0},"trimmed":false},"f2.png":{"frame":{"h":25,"idx":0,"w":39,"x":183,"y":37},"rotated":false,"sourceSize":{"h":25,"w":39},"spriteSourceSize":{"h":25,"w":39,"x":0,"y":0},"trimmed":false},"f3.png":{"frame":{"h":24,"idx":0,"w":62,"x":174,"y":115},"rotated":false,"sourceSize":{"h":24,"w":62},"spriteSourceSize":{"h":24,"w":62,"x":0,"y":0},"trimmed":false},"f4.png":{"frame":{"h":35,"idx":0,"w":52,"x":174,"y":79},"rotated":false,"sourceSize":{"h":35,"w":52},"spriteSourceSize":{"h":35,"w":52,"x":0,"y":0},"trimmed":false},"g.png":{"frame":{"h":77,"idx":0,"w":82,"x":0,"y":94},"rotated":false,"sourceSize":{"h":77,"w":82},"spriteSourceSize":{"h":77,"w":82,"x":0,"y":0},"trimmed":false},"o.png":{"frame":{"h":76,"idx":0,"w":80,"x":83,"y":161},"rotated":false,"sourceSize":{"h":76,"w":80},"spriteSourceSize":{"h":76,"w":80,"x":0,"y":0},"trimmed":false},"p.png":{"frame":{"h":81,"idx":0,"w":78,"x":95,"y":79},"rotated":false,"sourceSize":{"h":81,"w":78},"spriteSourceSize":{"h":81,"w":78,"x":0,"y":0},"trimmed":false},"r.png":{"frame":{"h":78,"idx":0,"w":87,"x":95,"y":0},"rotated":false,"sourceSize":{"h":78,"w":87},"spriteSourceSize":{"h":78,"w":87,"x":0,"y":0},"trimmed":false}},"meta":{"image":"fish.png","prefix":"fish/"}}