{"frames":{"g1.png":{"frame":{"x":0,"y":0,"w":256,"h":256,"idx":0},"spriteSourceSize":{"x":0,"y":0},"sourceSize":{"w":256,"h":256}},"g10.png":{"frame":{"x":0,"y":258,"w":256,"h":256,"idx":0},"spriteSourceSize":{"x":0,"y":0},"sourceSize":{"w":256,"h":256}},"g11.png":{"frame":{"x":0,"y":516,"w":256,"h":256,"idx":0},"spriteSourceSize":{"x":0,"y":0},"sourceSize":{"w":256,"h":256}},"g12.png":{"frame":{"x":0,"y":774,"w":256,"h":256,"idx":0},"spriteSourceSize":{"x":0,"y":0},"sourceSize":{"w":256,"h":256}},"g13.png":{"frame":{"x":0,"y":1032,"w":256,"h":256,"idx":0},"spriteSourceSize":{"x":0,"y":0},"sourceSize":{"w":256,"h":256}},"g14.png":{"frame":{"x":258,"y":0,"w":256,"h":256,"idx":0},"spriteSourceSize":{"x":0,"y":0},"sourceSize":{"w":256,"h":256}},"g15.png":{"frame":{"x":258,"y":258,"w":256,"h":256,"idx":0},"spriteSourceSize":{"x":0,"y":0},"sourceSize":{"w":256,"h":256}},"g16.png":{"frame":{"x":258,"y":516,"w":256,"h":256,"idx":0},"spriteSourceSize":{"x":0,"y":0},"sourceSize":{"w":256,"h":256}},"g17.png":{"frame":{"x":258,"y":774,"w":256,"h":256,"idx":0},"spriteSourceSize":{"x":0,"y":0},"sourceSize":{"w":256,"h":256}},"g18.png":{"frame":{"x":258,"y":1032,"w":256,"h":256,"idx":0},"spriteSourceSize":{"x":0,"y":0},"sourceSize":{"w":256,"h":256}},"g19.png":{"frame":{"x":516,"y":0,"w":256,"h":256,"idx":0},"spriteSourceSize":{"x":0,"y":0},"sourceSize":{"w":256,"h":256}},"g2.png":{"frame":{"x":516,"y":258,"w":256,"h":256,"idx":0},"spriteSourceSize":{"x":0,"y":0},"sourceSize":{"w":256,"h":256}},"g20.png":{"frame":{"x":516,"y":516,"w":256,"h":256,"idx":0},"spriteSourceSize":{"x":0,"y":0},"sourceSize":{"w":256,"h":256}},"g3.png":{"frame":{"x":516,"y":774,"w":256,"h":256,"idx":0},"spriteSourceSize":{"x":0,"y":0},"sourceSize":{"w":256,"h":256}},"g4.png":{"frame":{"x":516,"y":1032,"w":256,"h":256,"idx":0},"spriteSourceSize":{"x":0,"y":0},"sourceSize":{"w":256,"h":256}},"g5.png":{"frame":{"x":774,"y":0,"w":256,"h":256,"idx":0},"spriteSourceSize":{"x":0,"y":0},"sourceSize":{"w":256,"h":256}},"g6.png":{"frame":{"x":774,"y":258,"w":256,"h":256,"idx":0},"spriteSourceSize":{"x":0,"y":0},"sourceSize":{"w":256,"h":256}},"g7.png":{"frame":{"x":774,"y":516,"w":256,"h":256,"idx":0},"spriteSourceSize":{"x":0,"y":0},"sourceSize":{"w":256,"h":256}},"g8.png":{"frame":{"x":774,"y":774,"w":256,"h":256,"idx":0},"spriteSourceSize":{"x":0,"y":0},"sourceSize":{"w":256,"h":256}},"g9.png":{"frame":{"x":774,"y":1032,"w":256,"h":256,"idx":0},"spriteSourceSize":{"x":0,"y":0},"sourceSize":{"w":256,"h":256}},"k14.png":{"frame":{"x":1032,"y":0,"w":213,"h":213,"idx":0},"spriteSourceSize":{"x":0,"y":0},"sourceSize":{"w":213,"h":213}},"k1.png":{"frame":{"x":1032,"y":215,"w":128,"h":128,"idx":0},"spriteSourceSize":{"x":0,"y":0},"sourceSize":{"w":128,"h":128}},"k10.png":{"frame":{"x":1032,"y":345,"w":128,"h":128,"idx":0},"spriteSourceSize":{"x":0,"y":0},"sourceSize":{"w":128,"h":128}},"k11.png":{"frame":{"x":1032,"y":475,"w":128,"h":128,"idx":0},"spriteSourceSize":{"x":0,"y":0},"sourceSize":{"w":128,"h":128}},"k12.png":{"frame":{"x":1032,"y":605,"w":128,"h":128,"idx":0},"spriteSourceSize":{"x":0,"y":0},"sourceSize":{"w":128,"h":128}},"k13.png":{"frame":{"x":1032,"y":735,"w":128,"h":128,"idx":0},"spriteSourceSize":{"x":0,"y":0},"sourceSize":{"w":128,"h":128}},"k15.png":{"frame":{"x":1032,"y":865,"w":128,"h":128,"idx":0},"spriteSourceSize":{"x":0,"y":0},"sourceSize":{"w":128,"h":128}},"k2.png":{"frame":{"x":1032,"y":995,"w":128,"h":128,"idx":0},"spriteSourceSize":{"x":0,"y":0},"sourceSize":{"w":128,"h":128}},"k3.png":{"frame":{"x":1032,"y":1125,"w":128,"h":128,"idx":0},"spriteSourceSize":{"x":0,"y":0},"sourceSize":{"w":128,"h":128}},"k4.png":{"frame":{"x":1162,"y":215,"w":128,"h":128,"idx":0},"spriteSourceSize":{"x":0,"y":0},"sourceSize":{"w":128,"h":128}},"k5.png":{"frame":{"x":1162,"y":345,"w":128,"h":128,"idx":0},"spriteSourceSize":{"x":0,"y":0},"sourceSize":{"w":128,"h":128}},"k6.png":{"frame":{"x":1162,"y":475,"w":128,"h":128,"idx":0},"spriteSourceSize":{"x":0,"y":0},"sourceSize":{"w":128,"h":128}},"k7.png":{"frame":{"x":1162,"y":605,"w":128,"h":128,"idx":0},"spriteSourceSize":{"x":0,"y":0},"sourceSize":{"w":128,"h":128}},"k8.png":{"frame":{"x":1162,"y":735,"w":128,"h":128,"idx":0},"spriteSourceSize":{"x":0,"y":0},"sourceSize":{"w":128,"h":128}},"k9.png":{"frame":{"x":1162,"y":865,"w":128,"h":128,"idx":0},"spriteSourceSize":{"x":0,"y":0},"sourceSize":{"w":128,"h":128}}},"meta":{"app":"http:\/\/www.layabox.com","version":"1.00","format":"json","scale":1,"image":"lapa.png","prefix":"lapa\/","md5":"efe5d8205c1b83597ccfc80fc667b469"}}
